City_ID,City,Lat,Lng,Max Temp,Humidity,Cloudiness,Wind Speed,Current Weather,Country,Date
0,Jamestown,42.1,-79.24,46.0,56,1,10.29,clear sky,US,2020-11-29 16:37:53
1,Busselton,-33.65,115.33,54.0,96,55,17.56,broken clouds,AU,2020-11-29 16:47:30
2,Upernavik,72.79,-56.15,7.86,78,100,11.88,overcast clouds,GL,2020-11-29 16:37:49
3,Lufilufi,-13.87,-171.6,75.2,94,75,3.29,broken clouds,WS,2020-11-29 16:38:48
4,Biltine,14.53,20.92,80.33,16,0,8.9,clear sky,TD,2020-11-29 16:47:31
5,Yellowknife,62.46,-114.35,23.0,85,75,12.75,broken clouds,CA,2020-11-29 16:42:46
6,Bluff,-46.6,168.33,53.01,88,100,1.01,overcast clouds,NZ,2020-11-29 16:47:31
7,Finnsnes,69.23,17.98,42.8,88,75,28.86,moderate rain,NO,2020-11-29 16:47:31
8,Kapaa,22.08,-159.32,75.2,78,75,14.99,broken clouds,US,2020-11-29 16:47:31
9,Mataura,-46.19,168.86,53.01,88,100,1.01,overcast clouds,NZ,2020-11-29 16:47:31
10,Vaini,-21.2,-175.2,75.2,83,20,11.41,few clouds,TO,2020-11-29 16:47:31
11,Ribeira Grande,38.52,-28.7,59.0,72,40,4.7,scattered clouds,PT,2020-11-29 16:47:31
12,Saint George,37.1,-113.58,33.8,34,1,4.7,clear sky,US,2020-11-29 16:38:23
13,Ushuaia,-54.8,-68.3,48.2,66,75,20.8,light rain,AR,2020-11-29 16:44:37
14,Chuy,-33.7,-53.46,81.39,61,22,8.5,few clouds,UY,2020-11-29 16:37:48
15,Petropavlovsk-Kamchatskiy,53.05,158.65,15.8,78,75,4.47,broken clouds,RU,2020-11-29 16:37:55
16,Albany,42.6,-73.97,45.0,73,0,1.99,clear sky,US,2020-11-29 16:45:56
17,Lubango,-14.92,13.49,63.73,92,100,4.72,moderate rain,AO,2020-11-29 16:47:32
18,Butaritari,3.07,172.79,80.73,83,26,17.05,moderate rain,KI,2020-11-29 16:47:32
19,Sao Gabriel Da Cachoeira,-0.13,-67.09,84.2,74,40,2.24,scattered clouds,BR,2020-11-29 16:47:32
20,Bredasdorp,-34.53,20.04,68.0,56,0,9.17,clear sky,ZA,2020-11-29 16:37:36
21,Cidreira,-30.18,-50.21,76.75,84,66,5.88,heavy intensity rain,BR,2020-11-29 16:38:24
22,Naryan-Mar,67.67,53.09,20.62,94,100,19.19,overcast clouds,RU,2020-11-29 16:47:33
23,Nieuw Amsterdam,5.88,-55.08,86.0,70,40,2.24,scattered clouds,SR,2020-11-29 16:47:33
24,Iqaluit,63.75,-68.51,-11.2,69,20,12.75,few clouds,CA,2020-11-29 16:43:25
25,Provideniya,64.38,-173.3,15.06,90,73,8.3,broken clouds,RU,2020-11-29 16:37:44
26,New Norfolk,-42.78,147.06,48.99,67,10,2.57,clear sky,AU,2020-11-29 16:47:33
27,Ariquemes,-9.91,-63.04,93.56,45,27,3.31,scattered clouds,BR,2020-11-29 16:47:33
28,Qaanaaq,77.48,-69.36,-16.08,82,91,3.31,overcast clouds,GL,2020-11-29 16:47:33
29,Berwick,41.05,-76.23,46.99,55,0,1.01,clear sky,US,2020-11-29 16:47:33
30,Punta Arenas,-53.15,-70.92,53.6,58,75,31.09,broken clouds,CL,2020-11-29 16:47:34
31,Nikolskoye,59.7,30.79,32.0,94,75,15.66,broken clouds,RU,2020-11-29 16:37:40
32,Rikitea,-23.12,-134.97,76.3,82,96,12.33,overcast clouds,PF,2020-11-29 16:47:34
33,Kaitangata,-46.28,169.85,51.01,77,95,3.0,overcast clouds,NZ,2020-11-29 16:37:44
34,Dunedin,-45.87,170.5,53.01,65,96,4.0,overcast clouds,NZ,2020-11-29 16:47:34
35,Georgetown,5.41,100.34,80.6,88,20,3.36,few clouds,MY,2020-11-29 16:34:30
36,Malmesbury,-33.46,18.73,70.0,63,0,23.04,clear sky,ZA,2020-11-29 16:47:34
37,Barcelona,41.39,2.16,63.0,59,0,4.7,clear sky,ES,2020-11-29 16:43:48
38,Kilindoni,-7.91,39.67,81.91,77,93,10.02,overcast clouds,TZ,2020-11-29 16:38:40
39,Saskylakh,71.92,114.08,12.6,93,98,15.82,overcast clouds,RU,2020-11-29 16:47:34
40,Dunmore East,52.15,-6.99,53.01,93,75,3.49,broken clouds,IE,2020-11-29 16:47:35
41,Tuktoyaktuk,69.45,-133.04,-0.4,84,40,6.93,scattered clouds,CA,2020-11-29 16:37:38
42,Kavaratti,10.57,72.64,82.76,68,14,3.02,few clouds,IN,2020-11-29 16:43:01
43,Port Alfred,-33.59,26.89,65.25,68,0,4.79,clear sky,ZA,2020-11-29 16:47:05
44,Ahipara,-35.17,173.17,63.75,95,100,7.81,overcast clouds,NZ,2020-11-29 16:37:59
45,Orocue,4.79,-71.34,82.58,70,81,4.29,broken clouds,CO,2020-11-29 16:47:35
46,Havre-Saint-Pierre,50.23,-63.6,32.0,95,75,13.87,broken clouds,CA,2020-11-29 16:43:31
47,Touros,-5.2,-35.46,86.0,58,40,20.8,scattered clouds,BR,2020-11-29 16:37:44
48,Carnarvon,-24.87,113.63,69.8,83,40,26.4,scattered clouds,AU,2020-11-29 16:47:35
49,Cap-Aux-Meules,47.38,-61.86,39.2,80,84,19.46,broken clouds,CA,2020-11-29 16:37:46
50,Udachnyy,66.42,112.4,-2.2,84,75,2.24,light snow,RU,2020-11-29 16:37:45
51,Hasaki,35.73,140.83,46.4,87,75,5.82,broken clouds,JP,2020-11-29 16:37:46
52,Trairi,-3.28,-39.27,87.35,54,38,16.33,scattered clouds,BR,2020-11-29 16:47:36
53,Katherine,-14.47,132.27,86.0,58,14,12.75,few clouds,AU,2020-11-29 16:38:46
54,Tongliao,43.61,122.27,7.47,91,0,9.15,clear sky,CN,2020-11-29 16:47:36
55,Hambantota,6.12,81.12,78.8,94,20,6.93,thunderstorm,LK,2020-11-29 16:37:50
56,Port Blair,11.67,92.75,81.18,79,2,15.64,clear sky,IN,2020-11-29 16:35:11
57,Goma,-1.68,29.22,63.28,82,100,1.25,light rain,CD,2020-11-29 16:43:34
58,Hobart,-42.88,147.33,51.8,66,5,6.93,clear sky,AU,2020-11-29 16:45:24
59,Pedasi,7.53,-80.03,81.32,76,5,3.31,light rain,PA,2020-11-29 16:47:37
60,Kodiak,57.79,-152.41,21.2,85,75,6.53,broken clouds,US,2020-11-29 16:36:59
61,Sainte-Marie,-20.9,55.55,75.2,69,75,13.87,broken clouds,RE,2020-11-29 16:47:37
62,Okhotsk,59.38,143.3,3.06,85,88,16.6,overcast clouds,RU,2020-11-29 16:47:37
63,Cape Town,-33.93,18.42,70.0,63,0,23.04,clear sky,ZA,2020-11-29 16:43:31
64,Marzuq,14.4,46.47,64.87,81,1,5.55,clear sky,YE,2020-11-29 16:47:37
65,Manokwari,-0.87,134.08,79.39,79,100,3.06,moderate rain,ID,2020-11-29 16:38:27
66,Torbat-E Jam,35.24,60.62,43.77,61,46,2.57,scattered clouds,IR,2020-11-29 16:47:38
67,Lompoc,34.64,-120.46,46.4,52,1,10.29,clear sky,US,2020-11-29 16:47:28
68,Husavik,66.04,-17.34,28.4,100,75,6.93,broken clouds,IS,2020-11-29 16:47:38
69,Saint-Joseph,-21.37,55.62,77.0,73,75,9.53,broken clouds,RE,2020-11-29 16:47:38
70,Clyde River,70.47,-68.59,-9.4,76,1,6.93,clear sky,CA,2020-11-29 16:47:38
71,Khrebtovaya,56.7,104.25,5.43,96,100,4.63,overcast clouds,RU,2020-11-29 16:47:38
72,Barrow,71.29,-156.79,3.2,84,90,8.05,overcast clouds,US,2020-11-29 16:47:38
73,Trelleborg,55.38,13.16,33.01,87,90,8.05,overcast clouds,SE,2020-11-29 16:47:39
74,Tuy Hoa,13.08,109.3,75.87,90,100,19.37,heavy intensity rain,VN,2020-11-29 16:47:39
75,Shelburne,44.08,-80.2,46.99,85,31,15.93,scattered clouds,CA,2020-11-29 16:38:09
76,Uray,60.12,64.78,9.25,95,0,4.29,clear sky,RU,2020-11-29 16:47:39
77,Viedma,-40.81,-63.0,64.0,30,0,8.99,clear sky,AR,2020-11-29 16:47:39
78,Atuona,-9.8,-139.03,78.64,79,12,21.92,light rain,PF,2020-11-29 16:47:39
79,Opuwo,-18.06,13.84,77.77,44,66,12.71,light rain,NA,2020-11-29 16:38:33
80,Miri,4.41,114.01,75.2,94,40,10.29,scattered clouds,MY,2020-11-29 16:43:19
81,Port Elizabeth,-33.92,25.57,69.8,64,0,5.82,clear sky,ZA,2020-11-29 16:37:44
82,Victor Harbor,-35.57,138.62,59.0,80,60,9.73,broken clouds,AU,2020-11-29 16:47:40
83,Karratha,-20.74,116.85,77.97,68,0,11.79,clear sky,AU,2020-11-29 16:47:40
84,Malakal,9.53,31.66,81.3,18,12,3.94,few clouds,SS,2020-11-29 16:47:40
85,Kavieng,-2.57,150.8,79.3,85,100,23.69,light rain,PG,2020-11-29 16:38:08
86,Arraial Do Cabo,-22.97,-42.03,84.2,65,0,26.4,clear sky,BR,2020-11-29 16:37:47
87,Bubaque,11.28,-15.83,81.34,44,41,7.92,scattered clouds,GW,2020-11-29 16:38:17
88,Esperance,-33.87,121.9,62.6,77,75,9.17,broken clouds,AU,2020-11-29 16:38:23
89,Chokurdakh,70.63,147.92,-6.79,92,95,11.61,overcast clouds,RU,2020-11-29 16:37:58
90,Saint-Philippe,-21.36,55.77,77.0,73,75,11.63,broken clouds,RE,2020-11-29 16:47:40
91,Jagdispur,25.48,84.42,60.8,63,0,3.36,haze,IN,2020-11-29 16:47:40
92,Hilo,19.73,-155.09,68.0,82,40,5.82,light rain,US,2020-11-29 16:43:28
93,Thompson,55.74,-97.86,-0.4,84,20,6.93,few clouds,CA,2020-11-29 16:37:41
94,Coahuayana,18.73,-103.68,77.0,78,40,4.07,scattered clouds,MX,2020-11-29 16:37:52
95,Broken Hill,-31.95,141.43,64.4,34,2,9.17,clear sky,AU,2020-11-29 16:38:11
96,Dali,25.7,100.18,46.35,70,0,1.59,clear sky,CN,2020-11-29 16:47:41
97,Constitucion,-35.33,-72.42,67.12,50,0,18.66,clear sky,CL,2020-11-29 16:33:47
98,Beringovskiy,63.05,179.32,6.51,92,26,11.25,scattered clouds,RU,2020-11-29 16:38:19
99,Puerto Ayora,-0.74,-90.35,75.2,73,75,12.75,broken clouds,EC,2020-11-29 16:42:55
100,Labuhan,-6.88,112.21,75.83,88,100,8.77,moderate rain,ID,2020-11-29 16:47:41
101,Zhelyabovka,45.4,34.76,47.55,72,99,4.47,overcast clouds,UA,2020-11-29 16:47:41
102,Luderitz,-26.65,15.16,68.0,68,0,23.04,clear sky,NA,2020-11-29 16:47:42
103,Bundaberg,-24.85,152.35,75.0,78,75,5.82,broken clouds,AU,2020-11-29 16:47:42
104,Suicheng,33.9,117.93,38.17,74,0,2.77,clear sky,CN,2020-11-29 16:47:42
105,East London,-33.02,27.91,68.0,77,40,5.82,scattered clouds,ZA,2020-11-29 16:47:42
106,Harper,4.38,-7.72,81.05,80,39,8.23,scattered clouds,LR,2020-11-29 16:47:42
107,Mount Gambier,-37.83,140.77,48.2,93,9,5.82,clear sky,AU,2020-11-29 16:38:06
108,Tasiilaq,65.61,-37.64,10.4,66,0,3.36,clear sky,GL,2020-11-29 16:47:42
109,Faanui,-16.48,-151.75,80.76,80,45,11.54,scattered clouds,PF,2020-11-29 16:37:43
110,Russell,32.35,-85.2,59.0,87,90,6.93,light rain,US,2020-11-29 16:38:17
111,Apomu,7.33,4.18,84.49,53,39,2.19,scattered clouds,NG,2020-11-29 16:47:43
112,Keetmanshoop,-26.58,18.13,95.0,8,0,4.7,clear sky,NA,2020-11-29 16:47:43
113,Castro,-24.79,-50.01,77.27,70,98,6.29,overcast clouds,BR,2020-11-29 16:45:59
114,Mae Sai,20.43,99.88,64.0,100,0,3.36,clear sky,TH,2020-11-29 16:47:43
115,Bilma,18.69,12.92,76.33,19,0,6.15,clear sky,NE,2020-11-29 16:47:43
116,Methoni,36.82,21.7,57.99,82,75,3.36,broken clouds,GR,2020-11-29 16:47:43
117,Yeppoon,-23.13,150.73,69.8,83,0,5.44,clear sky,AU,2020-11-29 16:47:44
118,Guerrero Negro,27.98,-114.06,66.97,26,1,0.36,clear sky,MX,2020-11-29 16:37:56
119,Lannion,48.75,-3.42,51.8,93,20,3.36,few clouds,FR,2020-11-29 16:47:44
120,Westport,41.14,-73.36,52.0,49,1,5.82,clear sky,US,2020-11-29 16:38:02
121,Lebu,-37.62,-73.65,57.83,55,0,23.78,clear sky,CL,2020-11-29 16:37:46
122,Katsuura,35.13,140.3,46.4,70,75,6.93,broken clouds,JP,2020-11-29 16:47:44
123,Hamilton,39.18,-84.53,51.01,61,40,6.93,scattered clouds,US,2020-11-29 16:36:09
124,Looc,12.26,121.99,79.97,81,2,14.2,clear sky,PH,2020-11-29 16:47:44
125,Sosnovoborsk,56.13,93.36,-7.6,83,6,2.24,mist,RU,2020-11-29 16:47:44
126,Tateyama,34.98,139.87,46.4,70,75,6.93,broken clouds,JP,2020-11-29 16:47:45
127,Senanga,-16.12,23.27,81.36,50,74,0.13,broken clouds,ZM,2020-11-29 16:47:45
128,Mahebourg,-20.41,57.7,77.0,78,40,8.05,scattered clouds,MU,2020-11-29 16:46:14
129,Maniitsoq,65.42,-52.9,30.22,97,100,18.9,snow,GL,2020-11-29 16:47:45
130,Ponta Do Sol,32.67,-17.1,59.0,72,75,18.34,light intensity shower rain,PT,2020-11-29 16:47:45
131,Marquette,46.53,-87.63,41.0,75,100,12.97,overcast clouds,US,2020-11-29 16:47:45
132,Acapulco,16.86,-99.89,84.2,66,5,3.87,clear sky,MX,2020-11-29 16:38:22
133,Lagoa,39.05,-27.98,59.56,75,99,27.25,light rain,PT,2020-11-29 16:47:46
134,Sasaram,24.95,84.01,64.98,42,0,3.67,clear sky,IN,2020-11-29 16:47:46
135,Korla,41.76,86.15,29.57,89,39,9.93,scattered clouds,CN,2020-11-29 16:37:51
136,Dover,39.16,-75.52,53.6,43,1,4.7,clear sky,US,2020-11-29 16:44:07
137,Guilin,25.28,110.29,50.0,61,75,15.66,broken clouds,CN,2020-11-29 16:47:46
138,Khatanga,71.97,102.5,13.91,95,100,21.39,light snow,RU,2020-11-29 16:47:46
139,Yulara,-25.24,130.99,87.8,25,22,12.75,few clouds,AU,2020-11-29 16:38:42
140,Carbonia,39.17,8.52,62.6,82,40,6.93,scattered clouds,IT,2020-11-29 16:47:46
141,Hithadhoo,-0.6,73.08,82.71,68,54,6.11,broken clouds,MV,2020-11-29 16:47:46
142,Sept-Iles,50.2,-66.38,30.99,92,47,3.36,light snow,CA,2020-11-29 16:44:42
143,West Bay,19.37,-81.42,80.01,74,40,14.99,scattered clouds,KY,2020-11-29 16:47:47
144,Beroroha,-21.67,45.17,82.36,64,91,6.44,light rain,MG,2020-11-29 16:47:47
145,Pisco,-13.7,-76.22,69.8,77,0,10.29,clear sky,PE,2020-11-29 16:47:47
146,Tilichiki,60.47,166.1,2.19,91,0,9.13,clear sky,RU,2020-11-29 16:38:42
147,Timizart,36.8,4.27,55.45,89,79,4.43,light rain,DZ,2020-11-29 16:45:54
148,Xinpu,34.6,119.16,37.65,73,2,4.18,clear sky,CN,2020-11-29 16:47:47
149,Linjiang,41.81,126.91,18.18,85,0,2.06,clear sky,CN,2020-11-29 16:47:47
150,Red Bluff,40.18,-122.24,33.8,69,1,3.36,clear sky,US,2020-11-29 16:47:32
151,Vallenar,-28.57,-70.76,89.13,22,0,9.8,clear sky,CL,2020-11-29 16:47:15
152,Locri,38.24,16.26,63.0,46,70,3.69,broken clouds,IT,2020-11-29 16:47:47
153,Klaksvik,62.23,-6.59,44.6,81,69,14.99,broken clouds,FO,2020-11-29 16:47:48
154,Zeya,53.75,127.27,3.22,85,99,4.54,overcast clouds,RU,2020-11-29 16:47:48
155,Fukue,32.69,128.84,52.74,70,53,22.64,broken clouds,JP,2020-11-29 16:47:48
156,Adrar,20.5,-10.07,75.81,21,95,7.34,overcast clouds,MR,2020-11-29 16:38:14
157,Saint-Pierre,-21.34,55.48,77.0,73,75,4.63,broken clouds,RE,2020-11-29 16:37:52
158,Mareeba,-17.0,145.43,77.0,83,75,2.24,broken clouds,AU,2020-11-29 16:47:48
159,Chirongui,-12.93,45.15,77.0,94,92,4.7,overcast clouds,YT,2020-11-29 16:47:48
160,Rawson,-43.3,-65.1,64.24,28,1,14.47,clear sky,AR,2020-11-29 16:37:54
161,Tiruchchirappalli,10.82,78.68,78.8,88,40,9.17,mist,IN,2020-11-29 16:47:49
162,Ornskoldsvik,63.29,18.72,26.6,100,90,2.24,mist,SE,2020-11-29 16:47:49
163,Makueni,-1.8,37.62,64.62,98,82,3.33,light rain,KE,2020-11-29 16:47:49
164,Borzna,51.25,32.43,33.8,96,99,3.96,overcast clouds,UA,2020-11-29 16:47:49
165,Makakilo City,21.35,-158.09,71.6,78,90,4.7,overcast clouds,US,2020-11-29 16:45:05
166,Los Llanos De Aridane,28.66,-17.92,69.8,52,40,8.05,scattered clouds,ES,2020-11-29 16:47:49
167,Vilyuysk,63.76,121.62,-12.28,89,76,7.36,broken clouds,RU,2020-11-29 16:47:50
168,Teguldet,57.31,88.17,6.22,93,49,3.29,scattered clouds,RU,2020-11-29 16:47:50
169,Norman Wells,65.28,-126.83,-2.2,77,75,8.05,broken clouds,CA,2020-11-29 16:47:50
170,Mahbubnagar,16.73,77.98,69.84,81,0,5.59,clear sky,IN,2020-11-29 16:47:50
171,Narrabri,-30.32,149.78,82.4,32,57,10.29,broken clouds,AU,2020-11-29 16:47:50
172,Nyuksenitsa,60.41,44.24,21.36,95,100,6.31,overcast clouds,RU,2020-11-29 16:47:50
173,Plettenberg Bay,-34.05,23.37,63.3,64,0,5.59,clear sky,ZA,2020-11-29 16:47:50
174,Nicolas De Pierola,-11.95,-76.7,71.6,68,0,8.05,clear sky,PE,2020-11-29 16:47:51
175,Vigrestad,58.57,5.7,42.8,75,75,9.17,broken clouds,NO,2020-11-29 16:47:51
176,Torbay,47.67,-52.73,45.0,100,90,18.34,light rain,CA,2020-11-29 16:35:16
177,Kundiawa,-6.02,144.97,64.17,80,87,2.13,moderate rain,PG,2020-11-29 16:47:51
178,Hobyo,5.35,48.53,79.57,72,23,13.4,few clouds,SO,2020-11-29 16:47:51
179,Klyuchi,52.27,79.17,17.22,95,43,6.51,scattered clouds,RU,2020-11-29 16:47:51
180,Masallatah,32.62,14.0,63.03,46,0,16.67,clear sky,LY,2020-11-29 16:47:51
181,Rabo De Peixe,37.8,-25.58,60.8,77,40,28.86,scattered clouds,PT,2020-11-29 16:47:51
182,Alofi,-19.06,-169.92,77.0,94,100,4.7,moderate rain,NU,2020-11-29 16:38:19
183,Alexandria,31.22,29.96,64.4,72,40,6.93,scattered clouds,EG,2020-11-29 16:46:57
184,Champerico,14.3,-91.92,86.0,62,20,6.93,few clouds,GT,2020-11-29 16:38:21
185,Hervey Bay,-25.3,152.85,75.99,74,0,5.99,clear sky,AU,2020-11-29 16:46:19
186,Avera,33.19,-82.53,55.4,100,90,7.07,overcast clouds,US,2020-11-29 16:42:57
187,Itarema,-2.92,-39.92,87.6,54,48,18.59,scattered clouds,BR,2020-11-29 16:43:52
188,Kemijarvi,66.71,27.43,28.6,97,100,9.51,overcast clouds,FI,2020-11-29 16:43:32
189,Mazatlan,23.22,-106.42,73.0,64,5,2.24,clear sky,MX,2020-11-29 16:47:52
190,Suluq,31.67,20.25,61.12,58,0,4.14,clear sky,LY,2020-11-29 16:47:52
191,Tangshan,39.63,118.18,32.0,63,0,3.85,clear sky,CN,2020-11-29 16:47:53
192,Coquimbo,-29.95,-71.34,64.4,68,0,16.11,clear sky,CL,2020-11-29 16:38:02
193,Umm Lajj,25.02,37.27,75.34,50,0,11.83,clear sky,SA,2020-11-29 16:47:53
194,Kruisfontein,-34.0,24.73,66.0,70,0,3.0,clear sky,ZA,2020-11-29 16:47:53
195,Hornepayne,49.21,-84.77,21.22,92,100,9.8,overcast clouds,CA,2020-11-29 16:47:53
196,Santa Isabel,-23.32,-46.22,89.6,40,0,6.93,clear sky,BR,2020-11-29 16:47:53
197,Churapcha,62.0,132.43,-27.53,86,93,0.29,overcast clouds,RU,2020-11-29 16:47:53
198,Zanjan,36.67,48.48,39.22,84,100,7.83,overcast clouds,IR,2020-11-29 16:47:53
199,San Jose,37.34,-121.89,53.01,69,20,3.36,few clouds,US,2020-11-29 16:45:45
200,Acarau,-2.89,-40.12,88.9,50,48,19.66,scattered clouds,BR,2020-11-29 16:47:54
201,Cayenne,4.93,-52.33,87.8,62,40,13.87,scattered clouds,GF,2020-11-29 16:47:54
202,Airai,-8.93,125.41,62.37,99,17,1.23,few clouds,TL,2020-11-29 16:43:12
203,Ugoofaaru,5.67,73.0,82.89,70,51,9.64,broken clouds,MV,2020-11-29 16:38:49
204,Xique-Xique,-10.82,-42.73,86.58,45,100,6.67,overcast clouds,BR,2020-11-29 16:47:54
205,Mao,39.89,4.27,57.2,87,20,6.93,few clouds,ES,2020-11-29 16:47:54
206,Swift Current,50.28,-107.8,17.6,67,1,17.22,clear sky,CA,2020-11-29 16:43:52
207,Kutum,14.2,24.67,68.0,21,0,10.58,clear sky,SD,2020-11-29 16:38:38
208,Prince Rupert,54.32,-130.32,42.8,86,90,25.28,light rain,CA,2020-11-29 16:43:09
209,Dryden,49.78,-92.75,23.0,92,90,6.93,overcast clouds,CA,2020-11-29 16:37:55
210,Mar Del Plata,-38.0,-57.56,77.0,44,0,17.22,clear sky,AR,2020-11-29 16:47:55
211,Buin,-33.73,-70.75,86.0,28,0,5.82,clear sky,CL,2020-11-29 16:47:55
212,Kapoeta,4.77,33.59,80.96,57,83,5.08,broken clouds,SS,2020-11-29 16:47:55
213,Ewa Beach,21.32,-158.01,71.6,78,90,4.7,overcast clouds,US,2020-11-29 16:38:23
214,Suining,30.51,105.57,50.38,71,22,3.67,few clouds,CN,2020-11-29 16:47:55
215,Urusha,54.05,122.9,1.27,88,19,4.41,few clouds,RU,2020-11-29 16:47:55
216,Barreiras,-12.15,-44.99,86.97,35,100,7.36,overcast clouds,BR,2020-11-29 16:43:28
217,Kolyshley,52.7,44.54,35.01,62,96,14.32,overcast clouds,RU,2020-11-29 16:47:55
218,Liusha,27.21,108.59,37.02,96,57,2.06,broken clouds,CN,2020-11-29 16:47:56
219,Kalmunai,7.42,81.82,78.98,85,100,7.27,light rain,LK,2020-11-29 16:47:56
220,Shirvan,39.95,48.9,45.77,87,100,3.49,light rain,AZ,2020-11-29 16:47:56
221,Yanji,42.91,129.51,18.99,84,0,6.76,clear sky,CN,2020-11-29 16:47:56
222,Liku,-0.73,119.89,75.38,81,84,1.95,light rain,ID,2020-11-29 16:47:56
223,Vestmanna,62.16,-7.17,44.6,81,74,14.99,light rain,FO,2020-11-29 16:47:56
224,Verkhnevilyuysk,63.45,120.32,-12.86,89,75,6.15,broken clouds,RU,2020-11-29 16:47:56
225,Ilulissat,69.22,-51.1,26.6,73,90,18.34,light snow,GL,2020-11-29 16:47:56
226,Antofagasta,-23.65,-70.4,68.0,72,20,13.87,few clouds,CL,2020-11-29 16:47:57
227,Nchelenge,-9.35,28.73,74.71,76,31,5.86,light rain,ZM,2020-11-29 16:47:57
228,Ballina,-28.87,153.57,71.6,83,90,17.22,overcast clouds,AU,2020-11-29 16:47:57
229,Salalah,17.02,54.09,78.8,69,75,8.05,broken clouds,OM,2020-11-29 16:43:51
230,Avarua,-21.21,-159.78,77.0,100,89,5.82,light rain,CK,2020-11-29 16:47:57
231,Palm Coast,29.59,-81.21,73.99,88,40,2.48,mist,US,2020-11-29 16:47:13
232,Oxelosund,58.67,17.1,30.2,92,75,6.93,broken clouds,SE,2020-11-29 16:47:57
233,Northampton,40.88,-75.25,51.01,55,0,1.01,clear sky,US,2020-11-29 16:47:57
234,Tiksi,71.69,128.87,1.67,89,100,21.21,overcast clouds,RU,2020-11-29 16:38:09
235,Lavrentiya,65.58,-171.0,16.34,93,25,10.4,scattered clouds,RU,2020-11-29 16:38:17
236,Hermanus,-34.42,19.23,70.0,62,0,4.0,clear sky,ZA,2020-11-29 16:43:34
237,Naberera,-4.2,36.93,70.43,73,62,13.22,light rain,TZ,2020-11-29 16:47:58
238,Barcelos,41.54,-8.62,60.8,63,20,3.36,few clouds,PT,2020-11-29 16:47:58
239,Tabas,33.6,56.92,60.8,44,94,2.24,overcast clouds,IR,2020-11-29 16:47:58
240,Maningrida,-12.07,134.27,82.71,71,91,2.95,overcast clouds,AU,2020-11-29 16:47:58
241,Barra Patuca,15.8,-84.28,81.59,75,20,7.76,few clouds,HN,2020-11-29 16:47:58
242,Maceio,-9.67,-35.74,84.2,58,75,16.11,broken clouds,BR,2020-11-29 16:47:58
243,Badalona,41.45,2.25,63.0,67,0,2.24,clear sky,ES,2020-11-29 16:45:05
244,Shimoda,34.67,138.95,52.61,69,2,6.58,clear sky,JP,2020-11-29 16:47:58
245,Biak,-0.91,122.88,78.69,77,100,3.6,light rain,ID,2020-11-29 16:47:59
246,Yerofey Pavlovich,53.97,121.97,2.89,88,100,3.65,overcast clouds,RU,2020-11-29 16:47:59
247,Arkansas City,37.06,-97.04,48.2,76,90,12.75,overcast clouds,US,2020-11-29 16:47:59
248,Longyearbyen,78.22,15.64,23.0,67,75,14.99,light snow,SJ,2020-11-29 16:47:59
249,Buala,-8.14,159.59,78.8,80,100,4.94,light rain,SB,2020-11-29 16:38:29
250,Mecca,21.43,39.83,75.85,45,0,7.38,clear sky,SA,2020-11-29 16:47:59
251,Leningradskiy,69.38,178.42,8.2,91,98,16.93,overcast clouds,RU,2020-11-29 16:47:59
252,Komsomolskiy,40.43,71.72,32.0,91,0,4.7,mist,UZ,2020-11-29 16:47:59
253,Cherskiy,68.75,161.3,-9.62,90,100,4.94,overcast clouds,RU,2020-11-29 16:48:00
254,Amalapuram,16.58,82.02,80.6,57,8,9.17,light rain,IN,2020-11-29 16:48:00
255,Sao Filipe,14.9,-24.5,75.02,69,93,13.96,overcast clouds,CV,2020-11-29 16:38:02
256,Nizwa,22.93,57.53,65.01,39,0,3.98,clear sky,OM,2020-11-29 16:48:00
257,Harbour Breton,47.48,-55.8,42.49,81,100,19.51,overcast clouds,CA,2020-11-29 16:48:00
258,Poum,-20.23,164.02,75.63,72,2,15.05,clear sky,NC,2020-11-29 16:38:37
259,Pokhara,28.23,83.98,58.17,40,0,3.49,clear sky,NP,2020-11-29 16:48:00
260,Severo-Kurilsk,50.68,156.12,29.35,91,90,7.7,light snow,RU,2020-11-29 16:38:01
261,Puerto Colombia,10.99,-74.95,87.8,66,75,4.7,broken clouds,CO,2020-11-29 16:48:01
262,Zhezkazgan,47.8,67.71,4.08,91,0,7.38,clear sky,KZ,2020-11-29 16:48:01
263,Bethel,41.37,-73.41,48.0,53,0,1.01,clear sky,US,2020-11-29 16:48:01
264,Springfield,37.22,-93.3,42.01,86,90,6.93,light rain,US,2020-11-29 16:45:02
265,Tomar,39.6,-8.41,59.0,84,98,5.55,light rain,PT,2020-11-29 16:43:51
266,Bambous Virieux,-20.34,57.76,77.0,78,40,8.05,scattered clouds,MU,2020-11-29 16:38:21
267,Lisakovsk,52.54,62.49,4.96,94,0,4.5,clear sky,KZ,2020-11-29 16:48:01
268,Mayo,38.89,-76.51,55.0,50,1,4.7,clear sky,US,2020-11-29 16:43:30
269,Qui Nhon,13.77,109.23,75.99,88,100,24.61,moderate rain,VN,2020-11-29 16:48:02
270,Andra,62.51,65.89,10.31,94,0,4.47,clear sky,RU,2020-11-29 16:48:02
271,Boa Vista,2.82,-60.67,86.0,62,90,8.05,overcast clouds,BR,2020-11-29 16:43:02
272,Pascagoula,30.37,-88.56,66.2,88,90,6.93,overcast clouds,US,2020-11-29 16:48:02
273,Bahia Honda,22.9,-83.16,79.0,65,2,7.29,clear sky,CU,2020-11-29 16:48:02
274,Susanville,40.42,-120.65,28.4,79,1,3.18,clear sky,US,2020-11-29 16:43:52
275,Cervo,43.67,-7.41,55.0,90,100,1.23,overcast clouds,ES,2020-11-29 16:48:02
276,Nizhniy Kuranakh,58.84,125.49,0.97,91,100,6.4,light snow,RU,2020-11-29 16:38:21
277,Chara,56.91,118.26,-7.89,78,25,1.19,scattered clouds,RU,2020-11-29 16:38:03
278,Gambela,8.25,34.58,82.85,53,82,1.88,broken clouds,ET,2020-11-29 16:48:03
279,Sao Miguel Do Araguaia,-13.28,-50.16,91.2,38,17,6.58,few clouds,BR,2020-11-29 16:48:03
280,Aitape,-3.14,142.35,78.37,86,99,3.91,moderate rain,PG,2020-11-29 16:48:03
281,Mlonggo,-6.53,110.7,75.22,89,100,2.51,overcast clouds,ID,2020-11-29 16:48:03
282,Nouadhibou,20.93,-17.03,73.4,53,9,12.75,clear sky,MR,2020-11-29 16:48:03
283,Mumford,5.26,-0.76,81.77,77,74,8.25,broken clouds,GH,2020-11-29 16:48:03
284,Borujerd,33.9,48.75,40.69,85,89,2.95,overcast clouds,IR,2020-11-29 16:48:03
285,Cockburn Town,21.46,-71.14,78.31,68,41,12.97,scattered clouds,TC,2020-11-29 16:37:10
286,Partizanskoye,55.5,94.39,5.88,90,15,1.88,few clouds,RU,2020-11-29 16:48:04
287,Moscow,55.75,37.62,37.4,93,90,11.18,light rain,RU,2020-11-29 16:46:50
288,Te Anau,-45.42,167.72,44.82,87,100,2.62,moderate rain,NZ,2020-11-29 16:38:24
289,Obera,-27.49,-55.12,91.62,43,88,5.64,moderate rain,AR,2020-11-29 16:48:04
290,Marrakesh,31.63,-8.01,60.8,67,75,4.7,broken clouds,MA,2020-11-29 16:48:04
291,San Cristobal,7.77,-72.22,84.2,58,40,5.82,scattered clouds,VE,2020-11-29 16:43:34
292,Abomsa,9.98,39.98,71.4,48,37,2.21,scattered clouds,ET,2020-11-29 16:48:04
293,Erzin,36.96,36.2,64.0,46,1,2.64,clear sky,TR,2020-11-29 16:48:04
294,Saint-Augustin,51.23,-58.65,31.26,97,100,11.97,light snow,CA,2020-11-29 16:48:04
295,Halifax,44.65,-63.57,46.0,70,47,6.93,scattered clouds,CA,2020-11-29 16:46:51
296,Wanning,18.8,110.4,69.46,83,100,15.1,overcast clouds,CN,2020-11-29 16:38:11
297,Richards Bay,-28.78,32.04,69.94,68,49,8.1,scattered clouds,ZA,2020-11-29 16:38:15
298,Kaberamaido,1.74,33.16,70.16,84,98,4.29,light rain,UG,2020-11-29 16:48:05
299,Talnakh,69.49,88.4,6.8,84,90,24.61,snow,RU,2020-11-29 16:48:05
300,Sorong,-0.88,131.25,81.3,78,100,8.88,moderate rain,ID,2020-11-29 16:43:38
301,Chernyshevskiy,63.01,112.47,-15.45,91,69,4.74,broken clouds,RU,2020-11-29 16:38:27
302,Kemin,42.78,75.69,16.72,77,2,3.4,clear sky,KG,2020-11-29 16:38:07
303,Am Timan,11.03,20.28,82.71,22,5,4.34,clear sky,TD,2020-11-29 16:48:05
304,Geraldton,-28.77,114.6,66.2,63,56,17.22,broken clouds,AU,2020-11-29 16:43:29
305,Bonthe,7.53,-12.51,82.81,73,92,8.52,light rain,SL,2020-11-29 16:48:06
306,Micheweni,-4.97,39.83,81.03,77,15,7.25,few clouds,TZ,2020-11-29 16:48:06
307,Urucara,-2.54,-57.76,94.91,44,93,3.89,overcast clouds,BR,2020-11-29 16:48:06
308,Cabo San Lucas,22.89,-109.91,73.0,83,5,2.53,clear sky,MX,2020-11-29 16:43:59
309,Port Hedland,-20.32,118.57,80.6,83,0,12.75,clear sky,AU,2020-11-29 16:48:06
310,Pierre,44.37,-100.35,32.0,58,1,20.8,clear sky,US,2020-11-29 16:48:06
311,Bangui,4.36,18.55,80.15,41,88,1.86,overcast clouds,CF,2020-11-29 16:48:06
312,Saint-Louis,16.33,-15.0,89.6,27,0,2.77,clear sky,SN,2020-11-29 16:48:06
313,Vostok,46.49,135.88,2.7,94,100,4.43,overcast clouds,RU,2020-11-29 16:48:07
314,Pacific Grove,36.62,-121.92,46.4,48,1,3.36,clear sky,US,2020-11-29 16:37:30
315,Bodden Town,19.28,-81.25,80.01,74,40,14.99,scattered clouds,KY,2020-11-29 16:48:07
316,Coihueco,-36.62,-71.83,71.6,40,20,17.22,few clouds,CL,2020-11-29 16:38:40
317,Codrington,-38.27,141.97,47.8,91,11,5.68,few clouds,AU,2020-11-29 16:48:07
318,Victoria,22.29,114.16,66.99,66,79,9.82,broken clouds,HK,2020-11-29 16:43:54
319,Coihaique,-45.58,-72.07,53.6,50,40,8.05,scattered clouds,CL,2020-11-29 16:48:07
320,Tevaitoa,-16.78,-151.5,81.59,77,23,10.63,few clouds,PF,2020-11-29 16:48:07
321,Damietta,31.42,31.81,68.0,64,0,3.36,clear sky,EG,2020-11-29 16:48:07
322,Sur,22.57,59.53,71.67,59,0,5.68,clear sky,OM,2020-11-29 16:38:42
323,Marsh Harbour,26.54,-77.06,77.13,69,100,8.39,overcast clouds,BS,2020-11-29 16:48:08
324,Madang,-5.22,145.8,76.69,90,87,4.16,overcast clouds,PG,2020-11-29 16:48:08
325,Fortuna,40.6,-124.16,46.0,93,1,3.36,clear sky,US,2020-11-29 16:43:09
326,Nanortalik,60.14,-45.24,28.69,88,24,6.76,few clouds,GL,2020-11-29 16:48:08
327,Margate,51.38,1.39,48.0,84,0,7.14,clear sky,GB,2020-11-29 16:38:27
328,Tezu,27.92,96.17,63.64,44,0,3.96,clear sky,IN,2020-11-29 16:48:08
329,Gamba,-2.65,10.0,78.73,83,100,5.53,overcast clouds,GA,2020-11-29 16:48:08
330,Arman,59.7,150.17,8.67,89,100,11.59,overcast clouds,RU,2020-11-29 16:38:21
331,Millau,44.08,2.92,46.4,65,0,4.7,clear sky,FR,2020-11-29 16:48:08
332,Souillac,-20.52,57.52,77.0,78,40,8.05,scattered clouds,MU,2020-11-29 16:48:09
333,Homer,59.64,-151.55,35.01,94,90,5.82,overcast clouds,US,2020-11-29 16:48:09
334,Bucov,44.97,26.08,36.0,100,90,3.36,mist,RO,2020-11-29 16:48:09
335,Wuan,31.68,112.0,43.32,71,0,3.94,clear sky,CN,2020-11-29 16:48:09
336,Sinyavskoye,47.28,39.28,44.01,93,75,22.37,broken clouds,RU,2020-11-29 16:48:09
337,Grindavik,63.84,-22.43,33.8,86,75,16.11,broken clouds,IS,2020-11-29 16:48:09
338,Isangel,-19.55,169.27,70.61,74,41,7.31,scattered clouds,VU,2020-11-29 16:48:09
339,Nabire,-3.37,135.48,77.16,87,100,3.67,moderate rain,ID,2020-11-29 16:38:10
340,Ahome,25.92,-109.18,66.99,59,5,8.05,clear sky,MX,2020-11-29 16:48:10
341,Vrangel,42.73,133.08,24.98,80,0,12.64,clear sky,RU,2020-11-29 16:48:10
342,Taoudenni,22.68,-3.98,74.82,20,97,3.36,overcast clouds,ML,2020-11-29 16:48:10
343,Nyrob,60.73,56.72,4.28,93,0,2.64,clear sky,RU,2020-11-29 16:48:10
344,Riverton,40.52,-111.94,34.0,80,1,0.6,clear sky,US,2020-11-29 16:48:10
345,North Bend,43.41,-124.22,42.01,93,1,6.93,clear sky,US,2020-11-29 16:43:19
346,Snyder,32.72,-100.92,41.0,75,90,21.92,overcast clouds,US,2020-11-29 16:48:10
347,Walvis Bay,-22.96,14.51,64.4,68,0,13.87,clear sky,NA,2020-11-29 16:35:55
348,Khorinsk,52.17,109.77,4.42,91,62,2.59,broken clouds,RU,2020-11-29 16:48:11
349,Raga,8.46,25.68,79.43,21,45,4.68,scattered clouds,SS,2020-11-29 16:48:11
350,Caravelas,-17.71,-39.25,79.56,72,16,10.29,few clouds,BR,2020-11-29 16:48:11
351,Odweyne,9.41,45.06,73.2,58,16,7.65,few clouds,SO,2020-11-29 16:48:11
352,Kolosovka,56.47,73.61,2.26,94,0,5.44,clear sky,RU,2020-11-29 16:48:11
353,Ban Phaeo,13.59,100.11,75.0,84,62,6.85,broken clouds,TH,2020-11-29 16:48:11
354,Pevek,69.7,170.31,-0.65,93,100,7.74,overcast clouds,RU,2020-11-29 16:48:11
355,Chicama,-7.84,-79.15,66.2,82,75,11.41,mist,PE,2020-11-29 16:48:12
356,San Francisco,37.77,-122.42,52.0,74,55,1.01,broken clouds,US,2020-11-29 16:46:02
357,Aksehir,38.36,31.42,41.4,64,16,3.09,few clouds,TR,2020-11-29 16:48:12
358,Nuuk,64.18,-51.72,30.2,80,75,20.8,broken clouds,GL,2020-11-29 16:38:31
359,Katobu,-4.94,122.53,77.47,90,95,1.99,overcast clouds,ID,2020-11-29 16:48:12
360,Sulangan,11.14,123.72,82.76,78,0,17.22,clear sky,PH,2020-11-29 16:48:12
361,Eston,51.15,-108.75,12.2,92,20,18.34,few clouds,CA,2020-11-29 16:45:04
362,Krasnoselkup,65.7,82.47,2.75,93,93,11.23,overcast clouds,RU,2020-11-29 16:48:12
363,Bowen,-20.02,148.23,68.0,82,75,9.17,broken clouds,AU,2020-11-29 16:48:12
364,Havelock,34.88,-76.9,64.99,72,1,8.05,clear sky,US,2020-11-29 16:46:11
365,Luanda,-8.84,13.23,82.4,78,20,10.29,few clouds,AO,2020-11-29 16:48:11
366,Deputatskiy,69.3,139.9,-15.72,89,23,6.64,few clouds,RU,2020-11-29 16:38:20
367,Muisne,0.6,-80.03,84.2,74,75,6.93,broken clouds,EC,2020-11-29 16:48:13
368,Padang,-0.95,100.35,77.4,73,14,3.2,few clouds,ID,2020-11-29 16:48:13
369,Sibolga,1.74,98.78,76.62,82,80,2.89,broken clouds,ID,2020-11-29 16:44:25
370,Tra Vinh,9.93,106.35,74.32,91,70,6.71,broken clouds,VN,2020-11-29 16:48:13
371,Srandakan,-7.94,110.25,74.1,87,100,3.09,light rain,ID,2020-11-29 16:48:13
372,Krasnyy Chikoy,50.36,108.75,6.66,91,100,4.0,overcast clouds,RU,2020-11-29 16:48:13
373,Elizabeth City,36.29,-76.25,62.01,63,1,6.93,clear sky,US,2020-11-29 16:48:13
374,Songea,-10.68,35.65,64.4,93,75,5.82,thunderstorm with rain,TZ,2020-11-29 16:48:14
375,Lookan,5.04,120.1,82.08,75,100,0.45,overcast clouds,PH,2020-11-29 16:48:14
376,Longhua,23.61,114.19,54.3,68,83,4.59,broken clouds,CN,2020-11-29 16:48:14
377,De Aar,-30.65,24.01,79.81,16,0,7.05,clear sky,ZA,2020-11-29 16:48:13
378,Tuatapere,-46.13,167.68,53.01,88,100,1.01,light rain,NZ,2020-11-29 16:48:14
379,Covington,39.08,-84.51,51.01,61,40,6.93,scattered clouds,US,2020-11-29 16:48:14
380,Kushima,31.46,131.23,47.71,74,12,6.55,few clouds,JP,2020-11-29 16:48:14
381,Yerbogachen,61.28,108.01,-5.28,91,93,6.26,overcast clouds,RU,2020-11-29 16:48:14
382,Sayyan,15.17,44.32,57.63,51,65,5.61,broken clouds,YE,2020-11-29 16:48:14
383,Berdyaush,55.16,59.15,14.38,92,0,1.21,clear sky,RU,2020-11-29 16:48:15
384,Matagami,49.75,-77.63,26.6,86,90,3.36,overcast clouds,CA,2020-11-29 16:44:13
385,Fuerte,17.54,120.36,79.47,72,3,14.9,clear sky,PH,2020-11-29 16:48:15
386,Saint-Francois,46.42,3.91,37.99,86,90,6.93,overcast clouds,FR,2020-11-29 16:48:15
387,Iquique,-20.22,-70.14,71.6,60,0,16.11,clear sky,CL,2020-11-29 16:36:22
388,Lumeje,-11.55,20.78,73.38,76,45,5.08,light rain,AO,2020-11-29 16:48:15
389,Paamiut,61.99,-49.67,28.71,88,83,14.45,broken clouds,GL,2020-11-29 16:38:31
390,Port Lincoln,-34.73,135.87,59.0,81,43,13.85,scattered clouds,AU,2020-11-29 16:48:15
391,San Andres,12.58,-81.7,84.2,79,75,9.17,shower rain,CO,2020-11-29 16:48:15
392,Cairns,-16.92,145.77,77.0,83,75,2.24,broken clouds,AU,2020-11-29 16:48:15
393,Cholet,47.17,-1.0,48.0,77,0,10.98,clear sky,FR,2020-11-29 16:48:16
394,Zilair,52.23,57.44,18.93,97,100,2.24,overcast clouds,RU,2020-11-29 16:48:16
395,Leeton,-34.57,146.4,55.4,62,0,4.7,clear sky,AU,2020-11-29 16:48:16
396,Humaita,-7.51,-63.02,91.85,52,58,3.91,broken clouds,BR,2020-11-29 16:48:16
397,Bengkulu,-3.8,102.27,75.43,84,90,5.21,light rain,ID,2020-11-29 16:48:16
398,Hoganas,56.2,12.56,32.0,86,75,4.7,broken clouds,SE,2020-11-29 16:45:25
399,Galle,6.04,80.22,79.18,80,97,0.92,overcast clouds,LK,2020-11-29 16:48:16
400,Bathurst,-33.42,149.58,57.0,86,18,6.26,few clouds,AU,2020-11-29 16:43:50
401,Krasnoborsk,61.56,45.93,16.84,96,90,5.66,overcast clouds,RU,2020-11-29 16:48:17
402,Mookane,-23.69,26.66,86.94,30,84,4.74,broken clouds,BW,2020-11-29 16:48:17
403,Ixtapa,20.7,-105.2,77.0,65,5,3.27,clear sky,MX,2020-11-29 16:38:41
404,Portland,45.52,-122.68,42.01,93,90,1.79,fog,US,2020-11-29 16:47:21
405,La Rioja,42.25,-2.5,57.2,67,0,1.12,clear sky,ES,2020-11-29 16:37:27
406,Parrita,9.52,-84.32,80.6,61,0,12.75,clear sky,CR,2020-11-29 16:48:08
407,Sambava,-14.27,50.17,76.71,82,12,6.8,few clouds,MG,2020-11-29 16:48:17
408,Astana,51.18,71.45,1.4,91,75,2.24,broken clouds,KZ,2020-11-29 16:46:02
409,Sorland,67.67,12.69,44.6,93,75,16.11,light rain,NO,2020-11-29 16:48:17
410,Darhan,49.49,105.92,5.95,90,0,4.65,clear sky,MN,2020-11-29 16:48:18
411,Shahr-E Babak,30.12,55.12,54.61,40,63,7.11,broken clouds,IR,2020-11-29 16:48:18
412,Virginia Beach,36.85,-75.98,61.0,57,17,3.0,few clouds,US,2020-11-29 16:43:49
413,Hovd,48.01,91.64,11.98,91,93,0.83,overcast clouds,MN,2020-11-29 16:48:18
414,Gulu,2.77,32.3,67.59,82,89,3.13,overcast clouds,UG,2020-11-29 16:48:18
415,Kieta,-6.22,155.63,79.66,79,99,2.95,overcast clouds,PG,2020-11-29 16:48:18
416,Beloha,-25.17,45.05,75.36,74,0,5.35,clear sky,MG,2020-11-29 16:48:18
417,Rovenki,48.08,39.38,41.52,83,100,16.24,overcast clouds,UA,2020-11-29 16:48:18
418,Inhambane,-23.86,35.38,80.6,78,75,2.24,broken clouds,MZ,2020-11-29 16:48:19
419,Waddan,29.16,16.14,63.0,29,0,6.04,clear sky,LY,2020-11-29 16:38:25
420,Songjianghe,42.19,127.48,12.33,91,36,2.95,scattered clouds,CN,2020-11-29 16:48:19
421,Vestmannaeyjar,63.44,-20.27,39.2,93,75,19.46,broken clouds,IS,2020-11-29 16:48:19
422,Porto Novo,6.5,2.6,87.8,70,20,11.41,few clouds,BJ,2020-11-29 16:48:19
423,Inverness,57.48,-4.22,44.6,87,75,10.29,broken clouds,GB,2020-11-29 16:48:19
424,Krutinka,56.01,71.51,0.91,93,31,5.84,scattered clouds,RU,2020-11-29 16:48:19
425,Leshukonskoye,64.9,45.76,18.5,96,82,8.88,broken clouds,RU,2020-11-29 16:48:19
426,Japura,-0.32,102.35,73.85,90,71,1.01,broken clouds,ID,2020-11-29 16:48:19
427,Belmonte,-15.86,-38.88,84.2,62,90,8.05,overcast clouds,BR,2020-11-29 16:48:20
428,Lingao,19.91,109.69,69.1,75,80,12.66,broken clouds,CN,2020-11-29 16:47:56
429,Bilibino,68.05,166.44,-14.78,86,100,1.05,overcast clouds,RU,2020-11-29 16:38:29
430,Amberieu-En-Bugey,45.96,5.34,37.4,93,90,8.05,overcast clouds,FR,2020-11-29 16:48:20
431,Lucea,18.45,-78.17,84.2,70,20,14.99,few clouds,JM,2020-11-29 16:48:20
432,Egvekinot,66.32,-179.17,6.24,92,87,10.25,overcast clouds,RU,2020-11-29 16:48:20
433,Srednekolymsk,67.45,153.68,-15.54,88,98,7.02,overcast clouds,RU,2020-11-29 16:38:26
434,Dikson,73.51,80.55,31.5,99,100,26.84,light snow,RU,2020-11-29 16:48:20
435,Urucui,-7.23,-44.56,91.56,41,99,8.61,overcast clouds,BR,2020-11-29 16:48:20
436,Inuvik,68.35,-133.72,-4.0,83,100,2.24,overcast clouds,CA,2020-11-29 16:46:01
437,Dudinka,69.41,86.18,6.8,84,90,24.61,snow,RU,2020-11-29 16:48:21
438,Moree,-29.47,149.85,84.2,21,96,8.05,overcast clouds,AU,2020-11-29 16:48:21
439,Ostrovnoy,68.05,39.51,28.94,95,100,28.23,overcast clouds,RU,2020-11-29 16:48:21
440,Warrington,53.39,-2.58,48.2,93,75,5.82,haze,GB,2020-11-29 16:45:01
441,Rocha,-34.48,-54.33,81.99,49,3,11.99,clear sky,UY,2020-11-29 16:48:21
442,Road Town,18.42,-64.62,82.4,74,75,8.05,broken clouds,VG,2020-11-29 16:48:21
443,Kirensk,57.79,108.11,2.53,92,93,4.83,overcast clouds,RU,2020-11-29 16:48:21
444,Nuqui,5.71,-77.27,80.87,74,89,6.02,overcast clouds,CO,2020-11-29 16:48:22
445,Kut Chap,17.43,102.57,67.06,69,60,6.42,broken clouds,TH,2020-11-29 16:48:22
446,Port Hardy,50.7,-127.42,44.6,75,90,21.92,overcast clouds,CA,2020-11-29 16:48:22
447,Ishigaki,24.34,124.16,70.61,74,24,28.39,few clouds,JP,2020-11-29 16:48:22
448,Dubuque,42.48,-90.87,42.8,60,1,11.41,clear sky,US,2020-11-29 16:44:39
449,Lazaro Cardenas,17.96,-102.2,84.16,60,0,2.28,clear sky,MX,2020-11-29 16:48:22
450,Aguimes,27.91,-15.45,63.0,88,75,4.7,broken clouds,ES,2020-11-29 16:46:52
451,Baldovinesti,44.38,24.05,37.99,93,90,1.12,mist,RO,2020-11-29 16:48:22
452,Byron Bay,-28.65,153.62,71.6,83,90,17.22,overcast clouds,AU,2020-11-29 16:48:23
453,Visby,57.64,18.3,37.4,93,75,3.36,broken clouds,SE,2020-11-29 16:48:23
454,Ayagoz,47.97,80.44,15.87,97,100,7.07,light snow,KZ,2020-11-29 16:38:24
455,Itoman,26.12,127.67,68.0,60,20,16.11,few clouds,JP,2020-11-29 16:48:23
456,Karpogory,64.0,44.45,17.83,96,64,6.64,broken clouds,RU,2020-11-29 16:48:23
457,Saravan,39.72,45.65,33.8,100,90,4.7,mist,AM,2020-11-29 16:48:23
458,Upper Arlington,39.99,-83.06,46.99,70,1,3.36,clear sky,US,2020-11-29 16:48:23
459,Saint-Paul,-21.01,55.27,75.2,69,75,13.87,broken clouds,RE,2020-11-29 16:48:23
460,Clinton,42.59,-82.92,46.0,62,75,11.41,broken clouds,US,2020-11-29 16:47:21
461,Hirara,24.8,125.28,69.33,73,41,27.13,scattered clouds,JP,2020-11-29 16:48:24
462,Vitim,59.45,112.56,4.01,91,100,8.37,overcast clouds,RU,2020-11-29 16:48:24
463,Zajecar,43.9,22.26,37.99,6,89,4.29,overcast clouds,RS,2020-11-29 16:48:24
464,Namibe,-15.2,12.15,73.8,75,59,10.8,broken clouds,AO,2020-11-29 16:48:24
465,Farnham,51.21,-0.8,45.0,93,0,4.7,haze,GB,2020-11-29 16:48:24
466,San Patricio,28.02,-97.52,60.01,93,75,10.29,broken clouds,US,2020-11-29 16:48:24
467,Moose Factory,51.26,-80.61,24.8,85,90,2.24,overcast clouds,CA,2020-11-29 16:38:46
468,Southampton,50.9,-1.4,46.99,93,75,4.7,broken clouds,GB,2020-11-29 16:43:40
469,Jacqueville,5.21,-4.41,84.2,79,20,9.17,few clouds,CI,2020-11-29 16:48:24
470,Broome,42.25,-75.83,46.99,61,0,4.0,clear sky,US,2020-11-29 16:48:25
471,Brigantine,39.41,-74.36,52.0,40,1,6.93,clear sky,US,2020-11-29 16:46:47
472,Dwarka,22.24,68.97,77.61,57,0,9.46,clear sky,IN,2020-11-29 16:48:25
473,Umtata,-31.59,28.78,62.6,77,75,5.82,broken clouds,ZA,2020-11-29 16:48:25
474,Port Maria,18.37,-76.89,87.01,76,1,8.99,clear sky,JM,2020-11-29 16:48:25
475,Pampa,35.54,-100.96,41.0,86,90,24.16,overcast clouds,US,2020-11-29 16:48:25
476,Tokur,53.13,132.9,-14.89,89,55,1.1,broken clouds,RU,2020-11-29 16:48:25
477,Aklavik,68.22,-135.01,-4.0,83,100,2.24,overcast clouds,CA,2020-11-29 16:48:25
478,Beckum,51.75,8.03,32.0,73,12,1.01,few clouds,DE,2020-11-29 16:48:25
479,Kapit,2.02,112.93,73.85,95,100,1.72,light rain,MY,2020-11-29 16:38:46
480,Valparaiso,-33.04,-71.63,80.6,30,0,16.11,clear sky,CL,2020-11-29 16:38:46
481,Yazman,29.12,71.74,68.77,22,0,6.29,clear sky,PK,2020-11-29 16:48:26
482,High Rock,26.62,-78.28,78.8,61,75,6.93,broken clouds,BS,2020-11-29 16:48:26
483,Half Moon Bay,37.46,-122.43,46.4,65,1,4.7,clear sky,US,2020-11-29 16:48:26
484,Kashi,39.45,75.98,28.4,79,20,4.47,few clouds,CN,2020-11-29 16:48:26
485,Dzilam Gonzalez,21.28,-88.93,83.34,58,1,5.75,clear sky,MX,2020-11-29 16:48:26
486,Sabang,5.89,95.32,79.77,76,100,7.56,overcast clouds,ID,2020-11-29 16:48:26
487,Ikom,5.97,8.71,83.26,55,97,2.64,overcast clouds,NG,2020-11-29 16:48:26
488,Sirari,-1.23,34.43,64.4,93,100,3.44,moderate rain,TZ,2020-11-29 16:48:26
489,Manawar,22.23,75.08,74.61,49,0,3.51,clear sky,IN,2020-11-29 16:48:26
490,Xingyi,24.19,102.82,46.63,95,34,2.48,scattered clouds,CN,2020-11-29 16:48:27
491,Faya,18.39,42.45,62.6,77,0,2.48,clear sky,SA,2020-11-29 16:43:28
492,Koutiala,12.39,-5.46,94.1,17,17,7.14,few clouds,ML,2020-11-29 16:48:27
493,Catuday,16.29,119.81,78.55,77,20,8.99,few clouds,PH,2020-11-29 16:48:27
494,Sampit,-2.53,112.95,72.39,97,100,2.39,light rain,ID,2020-11-29 16:48:27
495,Manbij,36.53,37.95,51.8,71,0,9.17,clear sky,SY,2020-11-29 16:43:35
496,Rioja,-29.41,-66.85,93.58,35,1,7.11,light rain,AR,2020-11-29 16:45:16
497,Kawalu,-7.38,108.21,71.22,92,100,0.34,overcast clouds,ID,2020-11-29 16:48:27
498,Rio Grande,-32.03,-52.1,84.2,62,75,6.93,broken clouds,BR,2020-11-29 16:34:10
499,Pendencias,-5.26,-36.72,92.62,43,67,16.87,broken clouds,BR,2020-11-29 16:48:28
500,Eirunepe,-6.66,-69.87,93.25,51,97,2.28,light rain,BR,2020-11-29 16:48:28
501,Sabha,27.04,14.43,59.67,32,32,6.15,scattered clouds,LY,2020-11-29 16:48:28
502,Haines Junction,60.75,-137.51,30.2,92,97,2.24,snow,CA,2020-11-29 16:43:35
503,Agadir,30.42,-9.6,68.0,52,75,4.7,broken clouds,MA,2020-11-29 16:44:22
504,Rapid Valley,44.06,-103.15,33.01,46,1,21.92,clear sky,US,2020-11-29 16:48:28
505,Ancud,-41.87,-73.82,60.01,62,90,3.36,overcast clouds,CL,2020-11-29 16:43:34
506,Mendi,-6.18,143.65,56.53,99,100,2.48,light rain,PG,2020-11-29 16:48:28
507,Maragogi,-9.01,-35.22,81.64,61,31,12.28,scattered clouds,BR,2020-11-29 16:48:28
508,Sestao,43.31,-3.01,62.6,67,0,5.82,clear sky,ES,2020-11-29 16:48:28
509,Gerash,27.67,54.14,62.6,55,40,4.7,scattered clouds,IR,2020-11-29 16:48:29
510,Kysyl-Syr,63.9,122.76,-10.61,90,100,6.85,overcast clouds,RU,2020-11-29 16:38:41
511,Mulchen,-37.72,-72.23,68.0,12,0,18.34,clear sky,CL,2020-11-29 16:48:29
512,Bolobo,-2.17,16.23,79.43,63,34,3.0,scattered clouds,CD,2020-11-29 16:48:29
513,Ferrol,43.48,-8.24,59.0,80,100,6.29,overcast clouds,ES,2020-11-29 16:48:29
514,Matara,5.95,80.54,77.63,87,95,2.75,overcast clouds,LK,2020-11-29 16:48:29
515,Feijo,-8.16,-70.35,93.29,44,95,3.56,overcast clouds,BR,2020-11-29 16:48:29
516,Ilo,-17.64,-71.34,70.25,71,94,9.06,overcast clouds,PE,2020-11-29 16:43:50
517,Danielskuil,-28.19,23.54,79.83,30,60,6.8,broken clouds,ZA,2020-11-29 16:48:29
518,Axim,4.87,-2.24,81.16,82,62,7.36,light rain,GH,2020-11-29 16:48:29
519,Llanes,43.42,-4.75,61.0,74,62,2.68,broken clouds,ES,2020-11-29 16:48:30
520,Tipuani,-15.56,-68.02,92.48,43,38,2.1,light rain,BO,2020-11-29 16:48:30
521,Saldanha,-33.01,17.94,69.8,52,0,20.8,clear sky,ZA,2020-11-29 16:48:30
522,Mikkeli,61.69,27.27,30.2,92,90,4.7,overcast clouds,FI,2020-11-29 16:48:30
523,Saint Anthony,45.02,-93.22,37.0,51,90,18.34,overcast clouds,US,2020-11-29 16:48:30
524,Namatanai,-3.67,152.43,77.14,87,100,11.83,light rain,PG,2020-11-29 16:48:30
525,Las Palmas,28.42,-14.01,66.2,82,75,10.29,broken clouds,ES,2020-11-29 16:48:31
526,Kununurra,-15.77,128.73,84.2,74,57,3.36,light rain,AU,2020-11-29 16:38:36
527,Sitka,57.05,-135.33,42.8,75,90,11.41,overcast clouds,US,2020-11-29 16:48:31
528,Douentza,15.0,-2.95,91.0,14,0,6.38,clear sky,ML,2020-11-29 16:48:31
529,Sistranda,63.73,8.83,35.6,80,0,24.16,clear sky,NO,2020-11-29 16:48:31
530,Amapa,1.0,-52.0,82.89,87,58,3.67,broken clouds,BR,2020-11-29 16:48:31
531,Bonavista,48.65,-53.11,41.0,100,100,8.05,overcast clouds,CA,2020-11-29 16:44:11
532,Lagunas,-5.23,-75.68,86.88,69,72,2.17,moderate rain,PE,2020-11-29 16:48:32
533,Bemidji,47.47,-94.88,23.0,73,90,21.92,overcast clouds,US,2020-11-29 16:48:32
534,Sechura,-5.56,-80.82,78.24,55,96,10.63,overcast clouds,PE,2020-11-29 16:48:32
535,Jalu,29.03,21.55,65.52,28,0,10.36,clear sky,LY,2020-11-29 16:48:32
536,Stornoway,58.21,-6.39,48.2,81,40,17.22,scattered clouds,GB,2020-11-29 16:48:32
537,Quzhou,28.96,118.87,47.95,79,100,6.2,overcast clouds,CN,2020-11-29 16:48:32
538,Dori,14.04,-0.03,92.75,18,0,6.8,clear sky,BF,2020-11-29 16:48:28
539,Okha,53.57,142.95,21.52,94,100,11.65,overcast clouds,RU,2020-11-29 16:48:33
540,San Carlos De Bariloche,-41.15,-71.31,55.4,32,20,21.92,few clouds,AR,2020-11-29 16:47:25
541,Borba,-4.39,-59.59,95.18,45,100,3.11,moderate rain,BR,2020-11-29 16:48:33
542,Nongan,44.38,125.17,6.8,77,0,8.95,clear sky,CN,2020-11-29 16:48:33
543,Nishihara,26.18,127.76,68.0,60,20,16.11,few clouds,JP,2020-11-29 16:48:33
544,Preston,53.77,-2.72,48.2,93,90,3.78,mist,GB,2020-11-29 16:48:33
545,Ferkessedougou,9.6,-5.2,94.8,27,5,5.73,clear sky,CI,2020-11-29 16:48:33
546,Berezovyy,51.67,135.7,3.78,90,74,2.44,broken clouds,RU,2020-11-29 16:48:33
547,Olafsvik,64.89,-23.71,34.18,89,97,18.12,overcast clouds,IS,2020-11-29 16:48:34
548,Dolores,-36.31,-57.68,92.59,26,5,13.69,clear sky,AR,2020-11-29 16:48:34
549,Bandarbeyla,9.49,50.81,77.72,77,2,16.11,clear sky,SO,2020-11-29 16:48:34
550,Bintulu,3.17,113.03,75.2,94,40,5.82,scattered clouds,MY,2020-11-29 16:38:48
551,Lorengau,-2.02,147.27,82.4,80,92,7.18,heavy intensity rain,PG,2020-11-29 16:48:34
552,Nome,64.5,-165.41,12.2,66,1,11.41,clear sky,US,2020-11-29 16:38:46
553,Orlik,52.52,99.83,-6.66,78,22,1.25,few clouds,RU,2020-11-29 16:48:34
554,Lar,26.2,83.97,66.33,36,0,5.17,clear sky,IN,2020-11-29 16:48:34
555,Naze,28.37,129.48,64.4,59,90,19.46,overcast clouds,JP,2020-11-29 16:48:34
556,Laguna,38.42,-121.42,37.4,86,1,1.25,clear sky,US,2020-11-29 16:43:48
557,Mogoytuy,51.28,114.92,2.01,89,0,4.18,clear sky,RU,2020-11-29 16:48:35
558,Bayir,37.27,28.22,59.0,82,75,1.12,broken clouds,TR,2020-11-29 16:48:35
559,Piranhas,-16.43,-51.82,94.39,32,2,7.11,clear sky,BR,2020-11-29 16:48:35
560,Amsterdam,52.37,4.89,35.01,86,20,4.65,few clouds,NL,2020-11-29 16:48:02
561,Ruwi,23.6,58.55,73.4,64,0,3.36,clear sky,OM,2020-11-29 16:48:35
562,Palmer,42.16,-72.33,48.0,45,1,4.7,clear sky,US,2020-11-29 16:35:47
563,Albania,41.0,20.0,53.6,71,90,5.82,light intensity drizzle,AL,2020-11-29 16:48:35
564,Tutoia,-2.76,-42.27,86.65,61,44,14.25,scattered clouds,BR,2020-11-29 16:48:35
565,Vila Velha,-20.33,-40.29,82.4,61,40,12.75,scattered clouds,BR,2020-11-29 16:43:49
566,Mosquera,4.71,-74.23,66.2,52,40,9.17,scattered clouds,CO,2020-11-29 16:48:36
567,Amuntai,-2.42,115.25,73.56,97,100,0.81,light rain,ID,2020-11-29 16:48:36
568,Atar,20.52,-13.05,81.91,16,82,7.47,broken clouds,MR,2020-11-29 16:46:01
569,Fairbanks,64.84,-147.72,14.0,84,20,1.63,few clouds,US,2020-11-29 16:45:03
570,Kurbnesh,41.78,20.08,53.6,71,90,5.82,light intensity drizzle,AL,2020-11-29 16:48:36
571,Siyabuswa,-25.11,29.04,81.54,42,90,0.94,overcast clouds,ZA,2020-11-29 16:48:36
572,Bedele,8.46,36.35,57.83,92,69,3.89,moderate rain,ET,2020-11-29 16:48:36
573,Shahreza,32.03,51.88,49.69,74,88,2.13,overcast clouds,IR,2020-11-29 16:48:36
574,Glens Falls,43.31,-73.64,46.0,57,0,3.0,clear sky,US,2020-11-29 16:48:36
575,Gurupa,-1.41,-51.64,90.3,56,29,5.01,scattered clouds,BR,2020-11-29 16:48:36
576,Hobbs,32.7,-103.14,46.0,70,40,14.99,scattered clouds,US,2020-11-29 16:47:27
577,Bathsheba,13.22,-59.52,86.0,74,20,18.34,few clouds,BB,2020-11-29 16:44:15
578,Manaure,11.78,-72.44,85.6,70,100,18.14,overcast clouds,CO,2020-11-29 16:48:37
579,Kahului,20.89,-156.47,69.8,77,1,4.7,clear sky,US,2020-11-29 16:47:57
580,Bahia Blanca,-38.72,-62.27,75.13,24,32,18.05,scattered clouds,AR,2020-11-29 16:48:37
581,Parnamirim,-5.92,-35.26,86.0,58,75,21.92,broken clouds,BR,2020-11-29 16:48:37
582,Batagay-Alyta,67.8,130.41,-5.98,80,0,3.15,clear sky,RU,2020-11-29 16:48:37
583,La Romana,18.43,-68.97,84.2,70,40,6.93,scattered clouds,DO,2020-11-29 16:48:31
584,Kirovskiy,45.09,133.51,6.19,93,63,3.53,broken clouds,RU,2020-11-29 16:48:38
585,Kharp,66.8,65.81,15.98,93,100,8.32,overcast clouds,RU,2020-11-29 16:48:38
586,Thunder Bay,48.4,-89.32,32.0,92,90,9.17,overcast clouds,CA,2020-11-29 16:48:38
587,Tura,25.52,90.22,62.28,79,0,4.12,clear sky,IN,2020-11-29 16:48:38
588,Dingle,11.0,122.67,75.22,92,13,6.78,few clouds,PH,2020-11-29 16:48:38
589,Soyo,-6.13,12.37,80.11,83,84,8.12,broken clouds,AO,2020-11-29 16:48:38
590,Nantucket,41.28,-70.1,51.8,43,1,8.05,clear sky,US,2020-11-29 16:48:38
591,Yondo,7.01,-73.91,91.02,52,20,2.26,few clouds,CO,2020-11-29 16:48:38
592,Shingu,33.73,135.98,46.62,82,0,7.34,clear sky,JP,2020-11-29 16:48:39
593,Seoul,37.57,126.98,28.4,68,1,5.23,clear sky,KR,2020-11-29 16:46:11
594,Tukrah,32.53,20.58,62.2,57,0,11.56,clear sky,LY,2020-11-29 16:48:39
595,Mokhsogollokh,61.47,128.92,-13.83,89,100,2.66,overcast clouds,RU,2020-11-29 16:48:39
596,Mantamados,39.31,26.33,60.8,59,20,4.7,few clouds,GR,2020-11-29 16:48:39
597,Hwange,-18.37,26.5,81.97,50,79,3.36,broken clouds,ZW,2020-11-29 16:48:39
598,Camocim,-2.9,-40.84,92.12,43,14,15.1,few clouds,BR,2020-11-29 16:48:39
599,Viransehir,37.24,39.76,52.83,53,0,3.85,clear sky,TR,2020-11-29 16:48:39
600,Hutang,31.53,119.48,39.0,70,85,1.01,overcast clouds,CN,2020-11-29 16:48:39
601,Kuching,1.55,110.33,75.2,94,40,2.51,scattered clouds,MY,2020-11-29 16:48:40
602,Goderich,43.75,-81.72,42.8,75,0,13.87,clear sky,CA,2020-11-29 16:45:04
603,Colesberg,-30.72,25.1,77.45,17,0,8.08,clear sky,ZA,2020-11-29 16:48:40
604,Tacoronte,28.48,-16.41,66.99,87,75,4.7,broken clouds,ES,2020-11-29 16:48:40
605,Lata,40.16,-8.33,60.01,74,100,5.5,overcast clouds,PT,2020-11-29 16:48:40
606,Baykit,61.67,96.37,0.79,88,32,3.69,scattered clouds,RU,2020-11-29 16:43:57
607,Koungou,-12.73,45.2,77.0,94,96,4.7,light rain,YT,2020-11-29 16:48:40
608,Rio Gallegos,-51.62,-69.22,60.8,31,40,38.03,scattered clouds,AR,2020-11-29 16:48:40
609,Cerignola,41.26,15.9,59.0,93,75,12.75,mist,IT,2020-11-29 16:48:40
610,Gogrial,8.53,28.1,82.29,21,26,5.08,scattered clouds,SS,2020-11-29 16:48:41
611,Santa Marta,11.24,-74.2,88.0,72,100,1.01,light rain,CO,2020-11-29 16:44:21
612,Henties Bay,-22.12,14.28,60.01,84,2,10.74,clear sky,NA,2020-11-29 16:48:41
613,Flinders,-34.58,150.86,64.0,73,31,9.28,scattered clouds,AU,2020-11-29 16:48:41
614,Parga,39.28,20.4,60.01,72,75,13.44,broken clouds,GR,2020-11-29 16:48:41
615,Namtsy,62.72,129.67,-27.4,74,0,2.24,clear sky,RU,2020-11-29 16:48:41
616,Pudozh,61.81,36.53,17.26,97,8,4.97,clear sky,RU,2020-11-29 16:48:41
617,Green Valley,31.85,-110.99,57.99,35,1,6.93,clear sky,US,2020-11-29 16:48:41
618,Ayan,56.45,138.17,3.29,87,42,15.14,scattered clouds,RU,2020-11-29 16:48:41
619,Quatre Cocos,-20.21,57.76,77.0,78,40,8.05,scattered clouds,MU,2020-11-29 16:48:42
620,Christchurch,-43.53,172.63,55.0,87,95,12.75,overcast clouds,NZ,2020-11-29 16:43:48
621,Praia,14.92,-23.51,78.8,47,75,10.29,broken clouds,CV,2020-11-29 16:48:42
622,Chateauroux,46.82,1.7,37.4,86,90,11.41,overcast clouds,FR,2020-11-29 16:48:42
623,Manta,-0.95,-80.73,77.0,78,90,6.93,overcast clouds,EC,2020-11-29 16:48:42
624,Chapais,49.78,-74.85,28.4,79,90,3.36,overcast clouds,CA,2020-11-29 16:47:25
625,Rayong,12.83,101.43,78.01,78,20,3.36,few clouds,TH,2020-11-29 16:48:42
626,Saint-Georges,12.06,-61.75,82.4,83,75,20.8,light intensity shower rain,GD,2020-11-29 16:48:42
627,Kijang,35.24,129.21,35.6,59,0,5.82,clear sky,KR,2020-11-29 16:48:42
628,Aborlan,9.44,118.55,78.93,85,98,7.18,light rain,PH,2020-11-29 16:48:43
629,Badvel,14.75,79.05,72.34,91,93,5.77,overcast clouds,IN,2020-11-29 16:48:43
630,Giyani,-23.3,30.72,72.09,86,49,14.58,moderate rain,ZA,2020-11-29 16:48:43
631,Quang Ngai,15.12,108.8,74.26,91,100,11.86,moderate rain,VN,2020-11-29 16:48:43
632,Key West,24.56,-81.78,82.0,69,40,8.05,scattered clouds,US,2020-11-29 16:44:05
633,Channapatna,12.65,77.22,71.01,100,75,3.36,light intensity drizzle,IN,2020-11-29 16:48:43
634,Ibra,22.69,58.53,59.79,61,0,0.74,clear sky,OM,2020-11-29 16:48:43
635,Aginskoye,51.1,114.53,5.79,91,0,8.05,clear sky,RU,2020-11-29 16:38:49
636,Tocopilla,-22.09,-70.2,72.95,47,16,9.24,few clouds,CL,2020-11-29 16:48:43
637,Itupiranga,-5.13,-49.33,87.8,62,75,6.93,light rain,BR,2020-11-29 16:48:43
638,Kyabram,-36.32,145.05,55.99,75,0,3.0,clear sky,AU,2020-11-29 16:48:44
639,Edson,53.58,-116.44,17.6,78,40,5.82,scattered clouds,CA,2020-11-29 16:48:44
640,Alausi,-2.2,-78.83,55.56,78,77,1.66,light rain,EC,2020-11-29 16:48:44
641,Ha Giang,22.83,104.98,61.05,79,45,0.13,scattered clouds,VN,2020-11-29 16:48:44
642,San Ramon,37.78,-121.98,50.0,69,1,3.33,clear sky,US,2020-11-29 16:48:44
643,Kabo,7.7,18.63,83.84,26,8,2.93,clear sky,CF,2020-11-29 16:48:44
644,Tynda,55.17,124.72,-9.63,86,20,3.69,few clouds,RU,2020-11-29 16:48:44
645,Charters Towers,-20.1,146.27,67.26,93,5,7.0,clear sky,AU,2020-11-29 16:48:44
646,Kristiansund,63.11,7.73,41.0,56,75,11.41,broken clouds,NO,2020-11-29 16:48:45
647,Zlobin,45.29,14.65,43.0,41,0,16.11,clear sky,HR,2020-11-29 16:48:45
648,Pervomaysk,48.04,30.85,36.72,90,100,3.76,overcast clouds,UA,2020-11-29 16:48:45
649,Merritt,50.11,-120.79,33.8,92,90,3.13,overcast clouds,CA,2020-11-29 16:45:04
650,Burnie,-41.07,145.92,46.0,94,2,3.0,clear sky,AU,2020-11-29 16:48:45
651,Gat,31.61,34.76,63.0,100,0,1.99,clear sky,IL,2020-11-29 16:36:04
652,Qitaihe,45.8,130.85,4.39,90,1,4.81,clear sky,CN,2020-11-29 16:48:45
653,Bang Saphan,11.21,99.51,81.0,68,0,12.33,clear sky,TH,2020-11-29 16:48:45
654,Shetpe,44.17,52.12,33.84,82,99,22.46,overcast clouds,KZ,2020-11-29 16:48:45
655,Tubuala,9.52,-79.03,86.0,84,40,8.05,scattered clouds,PA,2020-11-29 16:48:45
656,Smolenka,52.14,113.5,-2.2,77,5,2.24,clear sky,RU,2020-11-29 16:48:46
657,Jinchang,38.5,102.17,25.36,85,100,7.25,overcast clouds,CN,2020-11-29 16:48:46
658,Toktogul,41.87,72.94,27.37,77,0,2.93,clear sky,KG,2020-11-29 16:48:46
659,Teya,60.38,92.63,6.1,88,2,3.51,clear sky,RU,2020-11-29 16:48:46
660,Lincoln,40.8,-96.67,39.0,51,1,28.86,clear sky,US,2020-11-29 16:46:00
661,Ormara,25.21,64.64,75.0,45,0,3.33,clear sky,PK,2020-11-29 16:48:46
662,Aksu,41.12,80.26,24.39,82,0,3.31,clear sky,CN,2020-11-29 16:48:46
663,Buritis,-15.62,-46.42,82.09,52,92,7.34,overcast clouds,BR,2020-11-29 16:48:46
664,Foso,5.7,-1.29,79.84,88,93,3.83,light rain,GH,2020-11-29 16:48:46
665,Darab,28.75,54.54,62.76,31,79,3.71,broken clouds,IR,2020-11-29 16:48:47
666,Tautira,-17.73,-149.15,78.8,78,75,5.82,broken clouds,PF,2020-11-29 16:48:47
667,Oranjemund,-28.55,16.43,62.46,77,0,17.07,clear sky,NA,2020-11-29 16:48:47
668,Yashan,22.2,109.94,61.7,59,92,8.3,overcast clouds,CN,2020-11-29 16:48:47
669,Bikin,46.82,134.26,5.56,93,6,3.56,clear sky,RU,2020-11-29 16:48:18
670,Zyryanka,65.75,150.85,-16.04,88,37,4.36,scattered clouds,RU,2020-11-29 16:48:47
671,Sedona,34.87,-111.76,51.8,18,1,4.7,clear sky,US,2020-11-29 16:48:47
672,Allapalli,19.42,80.07,70.2,68,6,2.44,clear sky,IN,2020-11-29 16:48:47
673,Macusani,-14.08,-70.43,46.0,74,99,9.91,light rain,PE,2020-11-29 16:48:47
674,Ponta Delgada,37.73,-25.67,60.8,77,40,28.86,scattered clouds,PT,2020-11-29 16:48:47
675,Baruun-Urt,46.68,113.28,-0.06,88,0,6.4,clear sky,MN,2020-11-29 16:48:48
676,Zhengjiatun,43.51,123.51,7.43,91,0,8.16,clear sky,CN,2020-11-29 16:48:48
677,Abu Samrah,35.3,37.18,56.77,62,0,4.59,clear sky,SY,2020-11-29 16:48:48
678,Pokaran,26.92,71.92,65.46,24,0,5.08,clear sky,IN,2020-11-29 16:48:48
679,Porto Seguro,-16.45,-39.06,78.8,74,40,10.29,scattered clouds,BR,2020-11-29 16:48:48
680,Kailua,21.4,-157.74,73.0,78,40,4.7,scattered clouds,US,2020-11-29 16:48:48
681,Krasnoarmeysk,51.02,45.7,28.0,89,68,14.0,broken clouds,RU,2020-11-29 16:48:48
682,Mahanoro,-19.9,48.8,76.41,83,0,9.4,clear sky,MG,2020-11-29 16:48:48
683,Sobolevo,54.43,31.9,32.43,97,100,6.4,light rain,RU,2020-11-29 16:48:48
684,Kolondieba,11.09,-6.89,94.8,18,0,3.13,clear sky,ML,2020-11-29 16:48:48
685,Vaitape,-16.52,-151.75,81.63,79,44,11.56,scattered clouds,PF,2020-11-29 16:48:49
686,San Quintin,30.48,-115.95,65.12,31,0,0.96,clear sky,MX,2020-11-29 16:48:49
687,Erzincan,39.75,39.5,32.0,71,0,3.36,clear sky,TR,2020-11-29 16:48:49
688,Loreto,22.27,-101.97,69.19,29,0,6.78,clear sky,MX,2020-11-29 16:48:49
689,Chalchihuites,23.48,-103.88,61.27,38,3,4.25,clear sky,MX,2020-11-29 16:48:49
690,Lampa,-33.28,-70.9,87.01,28,0,6.93,clear sky,CL,2020-11-29 16:48:49
691,Velyka Mykhaylivka,47.08,29.85,37.09,80,100,3.74,overcast clouds,UA,2020-11-29 16:48:49
692,Ca Mau,9.18,105.15,73.36,95,79,4.65,moderate rain,VN,2020-11-29 16:48:49
693,Malyn,50.77,29.24,32.0,92,98,4.47,overcast clouds,UA,2020-11-29 16:48:49
694,Qiongshan,20.01,110.35,69.8,73,75,11.18,broken clouds,CN,2020-11-29 16:48:50
695,Aduturai,11.01,79.48,75.11,93,28,6.82,scattered clouds,IN,2020-11-29 16:48:50
696,Dhidhdhoo,6.88,73.1,83.57,69,49,9.71,scattered clouds,MV,2020-11-29 16:48:50
697,Muros,42.78,-9.06,57.99,78,100,1.99,overcast clouds,ES,2020-11-29 16:48:50
698,Hermosillo,29.07,-110.97,64.99,29,0,1.01,clear sky,MX,2020-11-29 16:48:37
699,Chifeng,42.27,118.96,5.7,86,0,6.62,clear sky,CN,2020-11-29 16:48:50
700,Yar-Sale,66.83,70.83,17.17,94,100,19.13,overcast clouds,RU,2020-11-29 16:48:50
701,Liberia,6.5,-9.5,81.21,79,93,4.47,light rain,LR,2020-11-29 16:48:50
702,Korcula,42.96,17.14,58.68,58,73,14.34,broken clouds,HR,2020-11-29 16:48:51
703,Banda Aceh,5.56,95.32,78.13,81,100,4.05,overcast clouds,ID,2020-11-29 16:46:41
704,Maryborough,-25.53,152.7,75.99,74,0,5.99,clear sky,AU,2020-11-29 16:48:51
705,Sakakah,29.97,40.21,59.0,62,0,6.93,clear sky,SA,2020-11-29 16:48:51
